{
    "1_0_localhostcountry=germany.html": {
        "pval": 0.6000000000000001
    },
    "2_2_localhostcountry=germany.html": {
        "pval": 0.6000000000000001
    },
    "0_1_localhostcountry=germany.html": {
        "pval": 0.6000000000000001
    },
    "0_2_localhostcountry=germany.html": {
        "pval": 0.6000000000000001
    },
    "2_2_localhostcountry=india.html": {
        "pval": 0.6000000000000001
    },
    "1_2_localhostcountry=germany.html": {
        "pval": 0.6000000000000001
    },
    "0_0_localhostcountry=germany.html": {
        "pval": 0.6000000000000001
    },
    "0_1_localhostcountry=india.html": {
        "pval": 0.6000000000000001
    },
    "1_0_localhostcountry=india.html": {
        "pval": 0.6000000000000001
    },
    "0_2_localhostcountry=india.html": {
        "pval": 0.6000000000000001
    },
    "2_1_localhostcountry=germany.html": {
        "pval": 0.6000000000000001
    },
    "2_1_localhostcountry=india.html": {
        "pval": 0.6000000000000001
    },
    "1_2_localhostcountry=india.html": {
        "pval": 0.6000000000000001
    },
    "1_1_localhostcountry=india.html": {
        "pval": 0.6000000000000001
    },
    "2_0_localhostcountry=germany.html": {
        "pval": 0.6000000000000001
    },
    "2_0_localhostcountry=india.html": {
        "pval": 0.6000000000000001
    },
    "0_0_localhostcountry=india.html": {
        "pval": 0.6000000000000001
    },
    "1_1_localhostcountry=germany.html": {
        "pval": 0.6000000000000001
    }
}